1307704104915935232,1318098326001131520,2020-10-19 07:55:04,and now wifi suddenly acts up srsly hsjdwjdjn WHY,alwaysdoie
170695192,1318098325996883970,2020-10-19 07:55:04,@ywuria And to you as well ^_^,CrystalSeaFate
1233910596690538496,1318098326018007041,2020-10-19 07:55:04,@min_nek0 HAHAHA GOOD NIGHT ILYTi can't make any promises &gt;:),catboyjiji
1273590616975216641,1318098326030479360,2020-10-19 07:55:04,@svthingy Yeahhh #ÏÑ∏Î∏êÌã¥_HOME_RUN_6ÏãúÏª¥Î∞±#SEVENTEEN_HOME_RUN @pledis_17SEVENTEEN WORLD DOMINATION,adoresvteen
93789476,1318098330195382273,2020-10-19 07:55:05,"GBPINR 271020: CURRENT:95.2275, VOLUME:137844, OI:64118 - As on Oct 19, 2020 13:22:09 IST",NSE_CURRENCY
1129436100429328384,1318098330199666693,2020-10-19 07:55:05,"@radleybalko @greg_doucette If an orchard keeps producing bad apples, maybe it's just time to burn down the orchard.",Zuthal1
4750014166,1318098334402433024,2020-10-19 07:55:06,"@99fendix Voyons bande de jalouses,WHOSE BODY IS THISSSSSS",leyslay
1260735072069488640,1318098334402322433,2020-10-19 07:55:06,"@bluekisscs GET WELL SOON HENDERY, YOU DID WELL‚ù§#HENDERY #HENDERYYOUDIDWELL#GETWELLSOONHENDERY@WayV_official",zjeffreyjung
1318024208438325248,1318098334398050305,2020-10-19 07:55:06,when you go to market with your female friend but she can't bargain like your mom (pro skillsüòÖüòÖ)me* :- https://t.co/8uUb420BAP,2020Bakchodi
1280737788669779973,1318098338579771392,2020-10-19 07:55:07,mark black hair PLEASE,hyckgae
596758460,1318098338604969985,2020-10-19 07:55:07,@fvckchino Ahhh that‚Äôs the answer I needed,Lowkey_life
1299590108459528192,1318098338617708549,2020-10-19 07:55:07,@velenopertopic His little tummy in the last pictureü•∫üíû,AlkatheerDalia
37185929,1318098338579947520,2020-10-19 07:55:07,Does this seem like election interference to you?This Democratic-aligned political action committee is advised by‚Ä¶ https://t.co/v0juR6NDoB,djnicke
251966854,1318098338579841025,2020-10-19 07:55:07,We tried to push it to the last minute hoping that situation will be improved for this event. Now with regret the c‚Ä¶ https://t.co/8PrsEABwFV,GurkhaAdventure
1273373837539684354,1318098342799310853,2020-10-19 07:55:08,@hobiwIuv take care,BTXTFLRT
1205258064447836160,1318098342782566400,2020-10-19 07:55:08,@MobilePunch These people were playing with our feelings üíîüíîüíî,Superdrizzy2
1303477499955798016,1318098342778339328,2020-10-19 07:55:08,"@ssweetjung GET WELL SOON HENDERY, YOU DID WELL#HENDERY¬†¬†¬† #HENDERYYOUDIDWELL#GETWELLSOONHENDERY@WayV_official",hcleeyxz
467846690,1318098342812024832,2020-10-19 07:55:08,@mmaphum_1 Mara you like it . Beside you can give to someone else if it doesn't fit .,7mnery
1076272123486896135,1318098342774247426,2020-10-19 07:55:08,@tremvalleyest @okeomezi #EndSARS God Bless The youths https://t.co/uv3k3Xx3Jo,lukachukwu_O
341744521,1318098346976989185,2020-10-19 07:55:09,I done got myself in a sticky situation üò© and have no idea wtf to do,_Infinite_Lovee
1196789262735331329,1318098346981031937,2020-10-19 07:55:09,"I thought i love coffee, but the tea is better",mmlspau
1317872509094481920,1318098346972647425,2020-10-19 07:55:09,@migurvi 10k dana yess,sweietie
4605072672,1318098346985357314,2020-10-19 07:55:09,this project is to create your own¬†religion https://t.co/rfCWOh1j04,CookMyProject
1310175454041575430,1318098347001958400,2020-10-19 07:55:09,Other things he said:And why the fuck do you need to know some racist on a personal level in order to disavow him‚Ä¶ https://t.co/NX5WHcBiGX,SurfingtheT
1274188419694858240,1318098347006300162,2020-10-19 07:55:09,sinting lo,woshibobohu
746344938179158016,1318098346993610753,2020-10-19 07:55:09,WHAT THE FAWK https://t.co/ho2Uwz1AGB,fIyingkiss
2151262242,1318098346968535041,2020-10-19 07:55:09,His net unpolled keenshrivel while ane hecht crissamarry forby tot.#hottie ‚òÆ https://t.co/kY2LYqYofY,chilkathaiku
1173214788,1318098346972712961,2020-10-19 07:55:09,2020 election live updates: Pelosi says 48-hour deadline to get stimulus done by Nov. 3; Trump gives wad of $20s at‚Ä¶ https://t.co/7kT2tcIuSh,DynamicAmerica
55243095,1318098346981138435,2020-10-19 07:55:09,Toilets in Shell petrol station. 3 days ago a report confirmed that a half of the Great Barrier Reef has been destr‚Ä¶ https://t.co/PODp79fmO5,climategeorge
1177686543403642881,1318098351179456512,2020-10-19 07:55:10,IN THIS SEVENTEEN SHIT FOR LIFE LETS GO  https://t.co/HrMjRL92zP,jwsvts
1310631277368754176,1318098351192109057,2020-10-19 07:55:10,@flimsadow What beautiful artwork you have here &lt;3 she looks beautiful and gorgeous,Weatherboii2
1298705220889980930,1318098351179616258,2020-10-19 07:55:10,@4ireq marry me,holyredgirl
1314186923649519616,1318098351179616256,2020-10-19 07:55:10,"@Sir_CharlesOgu @UnclePamilerin I am here,all I need is #EndSARS #ENDBADGOVERNANCE  so that I can find job",Anitama77666988
384939575,1318098351192264704,2020-10-19 07:55:10,@NNaKi758 If e sure for you drop location.,DeizoAftt
1224887243325825024,1318098355378073600,2020-10-19 07:55:11,"@Jaukkr13 Next five years is too far, but I‚Äôm very certain that bitcoin will make a lot of people rich.",Todd_Dris
1197736924758200320,1318098355361255424,2020-10-19 07:55:11,@Gk19731 @thehairyloft NO! *runs away*,emperor_bears
1309810710172426240,1318098355390537728,2020-10-19 07:55:11,"@nanalafyuu GET WELL SOON HENDERY, YOU DID WELL‚ù§#HENDERY¬†Ôøº¬†¬† #HENDERYYOUDIDWELL#GETWELLSOONHENDERY@WayV_official",hyuckeira
1607083796,1318098355390656512,2020-10-19 07:55:11,"when I was a kid there were a bunch of these from the 60s-70s lying around my grandma's house, which I always enjoy‚Ä¶ https://t.co/y8wRUD6tjf",chrysolipsist
1064966084103741446,1318098355386523648,2020-10-19 07:55:11,My autumn walk yesterday https://t.co/c6ZltJ6FiQ,AngieBMTH_
1175443788187230209,1318098359555600384,2020-10-19 07:55:12,manhood,everyword12
1543249657,1318098359568117760,2020-10-19 07:55:12,@Aruthasexy1 Almost 4 years.,DJSavageJr
1124303961597542402,1318098359584960512,2020-10-19 07:55:12,@Newzroom405 SA media is controlled in Stellenbosch  there is no media freedom as the alternative voice ANN7 was forced to shut down !!,MusawenkhosiDl2
894360939880894464,1318098359576449029,2020-10-19 07:55:12,cuteeeee,aguponn08
317285604,1318098359572418560,2020-10-19 07:55:12,OGETHER WE #EndPoliceBrutalityinNigera #ENDBADGOVERNANCE #EndSARS,JoelAshade
106364853,1318098359563898880,2020-10-19 07:55:12,"@SyedFai1 @ShahulAnn @satishacharya @newssting1 We never did, we will never do in future. Aamir made fun of lord sh‚Ä¶ https://t.co/oqu2lZNvmq",MaaKi_Aankh
1214326708070830080,1318098359576522753,2020-10-19 07:55:12,Who the fuck told ya to sing this song bitchhh?!!!!! You fuckin ruin it...#MileyCyrus üò≥üò≥üò≥üò≥,TheOldRick
108354943,1318098359585001473,2020-10-19 07:55:12,"""#CRE is now in the people business, and as an industry we need to move our mindsets from B2B to H2H""What an insp‚Ä¶ https://t.co/n3bv2yBUS0",Caleb_Parker
829109377831469056,1318098359551406085,2020-10-19 07:55:12,Office/Gaming Chair for $79.99; https://t.co/BGgnnJoQxw                      Upgraded model with Massage Function‚Ä¶ https://t.co/xR4U0Ujf2s,overtimedeals
1121883514159472645,1318098359559880705,2020-10-19 07:55:12,"Season 5, Episode 5 - The Vision https://t.co/NVO5iIFykI",gumballscreens
1284590700693262337,1318098359585021952,2020-10-19 07:55:12,Last night I had to say goodbye to the most loving and caring dog I have ever met. It happened way too soon but you‚Ä¶ https://t.co/uIJw6R7W01,homelezzcookie
1271920969804845062,1318098363783536640,2020-10-19 07:55:13,Now playing Make A Difference by As We Are!,altern8rock
2778820716,1318098363754123264,2020-10-19 07:55:13,‚òÖ‚òÖ‚òÖ‚òÖ‚òÖ ‚ÄúFast flowing and engaging‚Äù  BUMP TIME ORIGINTime-travel Suspense by the author of Crystal DeceptionAmazon‚Ä¶ https://t.co/FSgbVbUcn0,DougJCooper
1308286080949448705,1318098560886272001,2020-10-19 07:56:00,"@28SCHENG GET WELL SOON HENDERY, YOU DID WELL‚ù§#HENDERY¬†¬† #HENDERYYOUDIDWELL#GETWELLSOONHENDERY@WayV_official",mologlac
1289082261183201280,1318098560898879490,2020-10-19 07:56:00,@SanjeetaChoudh5 @Bansari1921 Yes Wish Bansii very very Happy Birthday!!!May God give u all Happiness in Life...üòä‚Ä¶ https://t.co/IXV13oOevM,tapesh707
1314985697141432322,1318098560907436035,2020-10-19 07:56:00,https://t.co/UD23liIm51Get a Gift Card to Spend at Taco Bell.Go to Taco Bell on shady grove fill out a survey get‚Ä¶ https://t.co/5pLVSQiSP0,ELIZABE16564312
539379432,1318098565110091777,2020-10-19 07:56:01,@BetaEtaDelota You're a good bean,CaydenCayuga
1189635265792565253,1318098565110128641,2020-10-19 07:56:01,@_ericuhhh Literally... üòÖ,Kuwhep
119982513,1318098565110157314,2020-10-19 07:56:01,one person unfollowed me // automatically checked by https://t.co/BRpkwofhJL,haluquinn
1186221907,1318098565097467905,2020-10-19 07:56:01,@JackG0o Hahahahahahha at this point I think we just accept he isn‚Äôt,Scott_1892_
321316523,1318098569274912768,2020-10-19 07:56:02,korean type beat,timnatanael
1053177280216784901,1318098569304236032,2020-10-19 07:56:02,@x1yeons i love the way they walked on moon.  they just be scootin,Wawan_O_Wawan
251056340,1318098569304272896,2020-10-19 07:56:02,@liteneasyau no Chicken Snitzel and gravy again this week in Victoria - maybe too popular?,MGAroadster
1269030583,1318098569291829248,2020-10-19 07:56:02,@ConcernedinPV @Big_Sine_312 @ahrehead @ziggystardad @PoliticsPot @QDecoder @Brian_Alford @TraumatizingOne‚Ä¶ https://t.co/3GC7UjvGok,N3ILA_
933587922,1318098569266524160,2020-10-19 07:56:02,@youngajib thank you ‚ò∫Ô∏èada tak yang nk jelitakl &amp; kayman hit me up üßöüèª‚Äç‚ôÄÔ∏èüíñcod area kuala terengganu &amp; kuala neru‚Ä¶ https://t.co/UKcAeD2GiK,pppiyya
1231430416088915968,1318098573460967425,2020-10-19 07:56:03,@hazymazepone I couldn't tell ya lmao,RoselynnMeadow
307709405,1318098573464981504,2020-10-19 07:56:03,@KashySidhu Negeri got water ; come early abit,walia538
2995876315,1318098573494464512,2020-10-19 07:56:03,@bellezasmaduras @porn_fanpage Yeah... I love edging to Gianna ü§ìüî•,goon6edge
920471194540953601,1318098573469175808,2020-10-19 07:56:03,5 Things To Do Before You Check Your Email https://t.co/28Eqte00hc https://t.co/0V6NOL3Kp8,dragonadvantage
872585148407173120,1318098577672065026,2020-10-19 07:56:04,@unhoIykrist I hate that word,GoldenDom23
710305130294280192,1318098577655099392,2020-10-19 07:56:04,@DanielCherny is he still at carlton?,robbierocket7
1268734245276536832,1318098577667706881,2020-10-19 07:56:04,"@nananonobubu GET WELL SOON HENDERY, YOU DID WELL‚ù§#HENDERY¬†¬† #HENDERYYOUDIDWELL#GETWELLSOONHENDERY@WayV_official",jhnnyrnjun
1212299714068017152,1318098577684652032,2020-10-19 07:56:04,@MrBeastYT Almost everyone will know who you are and you will have started to reverse global warming,Ollie_With_A_B
1012511606477971458,1318098577680338945,2020-10-19 07:56:04,@noteboosk HOME;RUN #ÏÑ∏Î∏êÌã¥_HOME_RUN_6ÏãúÏª¥Î∞±#SEVENTEEN_HOME_RUN @pledis_17,masmaungg
1293220959126728706,1318098577671946240,2020-10-19 07:56:04,@yanidedios  This is my CPA Accounting Teacher and what ? First of all akala ko si Stell bias nya and issaaa Prank‚Ä¶ https://t.co/Qj2wFRiE78,ShyyySb1999
1280110918173523972,1318098577684459520,2020-10-19 07:56:04,i hope you see this. my bsf said you look like one of these ant mfs. suck a fat fucking cock bro https://t.co/BfUhTm2O22,ukiyoot
2343545652,1318098577671925761,2020-10-19 07:56:04,"Daddy can‚Äôt be relaxed, the kids are going to be exposed ü§£üò≠ https://t.co/4HyZVGKX6t",si_nanad
1289639546234138624,1318098581874642945,2020-10-19 07:56:05,so apparently i can stutter,cheletteaspen
1169846893901307904,1318098581857869825,2020-10-19 07:56:05,@icarusfallwt yash wish me luckü•∫,haroldlvq
1278508133040545793,1318098581853675520,2020-10-19 07:56:05,@tedcruz Shut up Ted. You're a sad example of a man. Kissing the A of a man who insults your family. Truly beta male behavior.,JayCrosthwaite
1314733996912246785,1318098581866254336,2020-10-19 07:56:05,Full HD Watch Movie 100 Blocks (2016) =&gt; https://t.co/n68zfPXg93,BethanyHernand
1227787614553460736,1318098581866213376,2020-10-19 07:56:05,i've been listening to blue berry eyes on repeat https://t.co/v5Pv2y9XDk,ygmajesty
4289217222,1318098581862100994,2020-10-19 07:56:05,Brian Wilson and Al Jardine &amp;apos;have nothing to do with&amp;apos; Beach Boys&amp;apos; benefit conce‚Ä¶‚Ä¶ https://t.co/lPUit86KWe,StevePugMag
1187449141204574214,1318098586069094401,2020-10-19 07:56:06,K ima try and sleep this time it's almost 3 am,lume_FE
1318065558030479360,1318098586060554240,2020-10-19 07:56:06,@OnlyLustt I can‚Äôt dm first unless u follow me,timhole71341
1212178161221267456,1318098586048090114,2020-10-19 07:56:06,@spr_sqrrl Possible,koalaic
1287044275641839617,1318098586056314881,2020-10-19 07:56:06,@Catpledis_17 SEVENTEEN RIGHT HERE#ÏÑ∏Î∏êÌã¥_HOME_RUN_6ÏãúÏª¥Î∞±SEVENTEEN HOME RUN#SEVENTEEN_HOME_RUN  @pledis_17SEVENTEEN COMEBACK,boozevvahui
1271289718127292416,1318098586052120576,2020-10-19 07:56:06,@psychologistJ1 Thankyou for the opportunity @pick_aw @Lfoa3 @gpk_m @VHetalüçÄüçÄüçÄ https://t.co/xxKzv9Ntl4,2020kriz
1302911534536904705,1318098590238060545,2020-10-19 07:56:07,"I love you, say it back &gt;:|",deleonel_
451546257,1318098590242308097,2020-10-19 07:56:07,@HuggyGB Exactly,ProfPeterDoyle
1308519037761138695,1318098590246502401,2020-10-19 07:56:07,@glitzy_cynthia Drag herüòÇüòÇüòÇüòÇüòÇ,Loveth62947676
86588470,1318098590242283521,2020-10-19 07:56:07,MINE SEEMS TO BE BROKEN ALSO. TWATTER HACKS TO BLAME?,zing56
2429579036,1318098590242426880,2020-10-19 07:56:07,This doesn‚Äôt sit well with my spirit,auntantebellum
75585866,1318098590275960833,2020-10-19 07:56:07,@YomYom_ Pun intended,sesirule85
2650551164,1318098590275760128,2020-10-19 07:56:07,#TargetRepublicPlotExposed Strong going Republic Network. India stands with you. Shame on Maharashtra Government. M‚Ä¶ https://t.co/s8Wpx5PVFL,manoj_gopaliya
1191579676692619264,1318098590275899393,2020-10-19 07:56:07,@CBSNews @TimInHonolulu Can‚Äôt believe this administration is holding aid hostage. Where‚Äôs the executive order?,iiamthere4iisee
135527846,1318098594432393221,2020-10-19 07:56:08,"In my South Africa, sleeping in Parliament will be a criminal offense that WILL lose you your job and maybe find yo‚Ä¶ https://t.co/j7vGm76Xv8",10ieMB
1305843021825548288,1318098594449092608,2020-10-19 07:56:08,"@saranghaebbyong GET WELL SOON HENDERY, YOU DID WELL‚ù§#HENDERY¬†¬† #HENDERYYOUDIDWELL#GETWELLSOONHENDERY@WayV_official",kdowwie
1304671048206446592,1318098594436583425,2020-10-19 07:56:08,"Kindle Download Far Side, The Wall &gt;&gt; https://t.co/JP4xmWmPgU",KaylasSchmidt
3227030970,1318098594436542464,2020-10-19 07:56:08,i know i always say this but i will never shut up about how hoshi shows his appreciation for woozi üò≠üò≠üò≠üò≠üò≠üò≠,kwonsnhn
3308948007,1318098594466070531,2020-10-19 07:56:08,Please pray for Ireland where public masses are banned.,liamlovell4
1069004459894657025,1318098594465861633,2020-10-19 07:56:08,"@Ara_MaHubbard @mbooton @ParveenAtwal3 Not mine, I left the CoE because it was boring, the top brass are in it for‚Ä¶ https://t.co/N56M98TLMr",tim_hidden
1079927467266187264,1318098594457669633,2020-10-19 07:56:08,"@Stray_Kids STREAMING BACK DOOR isnt just a hobby, its a lifestyle, a reason to breathe, an escape from this cruel‚Ä¶ https://t.co/4fKCyyImy7",vnteuniq
909018015504547841,1318098594457550848,2020-10-19 07:56:08,RED VELVET COMEBACK????!?! https://t.co/48W5q7wuqH,aldhdes
352961893,1318098594453463040,2020-10-19 07:56:08,It‚Äôs my birthday üéÇ and I am thankful to God for the gift of life ‚ù§Ô∏è https://t.co/3yTQvQWjLm,JosephineKulea
1259824685555920904,1318098598630883328,2020-10-19 07:56:09,Bushfire royal commission will fail if it does not recommend reducing emissions: Former fire chief https://t.co/pvkIWT1YBD,JamesDo68051757
1090953807008157697,1318098598647582720,2020-10-19 07:56:09,@horayangieee SEVENTEEN HOME RUNSEVENTEEN COMEBACK        #ÏÑ∏Î∏êÌã¥¬†        #ÏÑ∏Î∏êÌã¥¬†   #Semicolon¬† #Semicolon¬†‚Ä¶ https://t.co/b2NOxQdh7Y,ecaanezz
872081297602162689,1318286495069908994,2020-10-19 20:22:47,@JoshGorsuch I bet you are üòÇ I hope you got some Red Bull‚Äôs on deck lmao,ShaylaMae00
933533895575793664,1318286495057276929,2020-10-19 20:22:47,@DKrementsov Congratulations for a very interesting story! https://t.co/Jf6PVff29x,dalessandrolab
1458487358,1318286495095062529,2020-10-19 20:22:47,ooo louder for the hypocrites in the back ü§£,sheenaMD_
1210760878556991493,1318286495086673920,2020-10-19 20:22:47,dream,ggukslily
1278742849039843328,1318286495065800707,2020-10-19 20:22:47,@CATGlRLlSM please do!,Chirca12
1313645264201228289,1318286495074144256,2020-10-19 20:22:47,is he ok https://t.co/N1Y4eBWBbw,kiIlIugons
696872935299088384,1318286499268431873,2020-10-19 20:22:48,@erodalovers and you still look THAT good??üôÑüôÑüôÑthe audacity,milagrossilvaa1
1318231631119962112,1318286499272675329,2020-10-19 20:22:48,@realDonaldTrump Does the secret service have a citizenship detector for the rally attenders? Beep. Beep.,KateOnyx1
1124456517074210816,1318286499285118976,2020-10-19 20:22:48,@Pukeko65 @NewshubNationNZ @TovaOBrien @jacindaardern Absolutely and the long big waffly answers.,TheOrwellianNZ
1304279556640190469,1318286499268481028,2020-10-19 20:22:48,@Ranboosaysstuff Why is this so true tho,pj_v25
1045462046370942976,1318286499268481026,2020-10-19 20:22:48,@SenatorCollins @GMRI Fill the seat,mfisk56842
1209451902452338689,1318286499272642560,2020-10-19 20:22:48,YALLL IM SO SOFT THIS IS SO CUTEEEEü•∫ü•∫ü•∫üíìüíìüíìüíì,xtrasyrianarmo
1189463567424208896,1318286499260125184,2020-10-19 20:22:48,"Movies Of The Past Need To Be Preserved, Syed Noor Leading Pakistani actor, director and producer has said that we‚Ä¶ https://t.co/nfnNrSGJAB",GuruAlpha1
2877780375,1318286499251630081,2020-10-19 20:22:48,Unfollow all your mutuals that liked this shite,eriklamessiszn
3114402673,1318286499259899904,2020-10-19 20:22:48,"Proud to cast my vote for @Ana4SchoolBoard, @Schools1stCA, and many other great leaders and propositions! https://t.co/ET5pmYQw7B",simelia_r
1290102294189608960,1318286503475351554,2020-10-19 20:22:49,IF YOU LIKE MCYT AND WANT TO BE IN A GC REPLY,93PERFECTLIE
789191924653498370,1318286503466979328,2020-10-19 20:22:49,@JackPosobiec But was he wearing a mask?,civility1799
331175067,1318286503445995525,2020-10-19 20:22:49,@Marveloki goes both waysüòåüòå,mrdnblj
4484918669,1318286503483789313,2020-10-19 20:22:49,@TwittleyJules Well that had put hope in my heart! Bloomin‚Äô brilliant!,isabelle241212
1240727299961602051,1318286503483760642,2020-10-19 20:22:49,@Alpharad I'm liking this but only because I'm fully aware you did it wrong on purpose.,_Poly_Blank_
1303832768921640963,1318286503483789312,2020-10-19 20:22:49,@ArabicanPrince @BBCNews Wasn't he a paedophile?,SorryToTellYou3
1269764622174674944,1318286503475294214,2020-10-19 20:22:49,Dva is nice,Hanaqtbot
3429927585,1318286503475294209,2020-10-19 20:22:49,@snail4fangs YOU'RE TOO KIND AAAAA TYSM ILY,leatherdiego
1289927738015518723,1318286503475318788,2020-10-19 20:22:49,@jessepbowman @G_CURLEY @HowieCarrShow I see what you did there.,EmptySea64
1214770504688644096,1318286503446040577,2020-10-19 20:22:49,"@DebatingHipHop_ 1: SM22: EA3: My Turn1,000,000,000: High off life",jamescmason_
70202392,1318286503462789120,2020-10-19 20:22:49,Rental owners say they 'are being crushed' by eviction ban extension: https://t.co/wfVdErSqOh,skipdog3
2814981088,1318286503483744256,2020-10-19 20:22:49,#AnnWiddecombe - IMO a truly nasty person.  I wish I‚Äôd never seen her or heard her talk...on anything.  #LGBT+‚Ä¶ https://t.co/5p7FRvBCAf,morespoonspls
203984698,1318286503466893312,2020-10-19 20:22:49,@JoeBiden @KamalaHarris What does this means Joe?üëá https://t.co/m69W3Z710T,nusfeednews
1176648352726953990,1318286503475294213,2020-10-19 20:22:49,I picked this app up again and saw how cringy my name is on there please is there a way to change that shit 7th gra‚Ä¶ https://t.co/FGTPakzywR,ThatSonyaStan
900594882,1318286507652808704,2020-10-19 20:22:50,@GravesWilliams6 Good!  99.99% will get it and never even know it.  The other .01% will get a sniffle.,eallen83
1232746533612855296,1318286507657089030,2020-10-19 20:22:50,@syonra1 AHHHHHHHHH ILY,ashlynxhoe
2449755972,1318286507648614401,2020-10-19 20:22:50,@frannythelilli ophelia caroline e jessies girl,carolinafrizzo
1037527467488104448,1318286507648704512,2020-10-19 20:22:50,"Here is the link of Live bex, for those who can not see.. üáßüá∑üíö.. https://t.co/9NRIG5FO4L",madercoffee
496053005,1318286511863943174,2020-10-19 20:22:51,Why df is it still 88 Degrees  outside dudee,__kennyGee
1316885750454112257,1318286511855599621,2020-10-19 20:22:51,TOBIN.  Typical CNN Liberal hack.,Deshiel84953058
274229548,1318286511851393024,2020-10-19 20:22:51,I just deleted all dms on Instagram.,brittnyaisha
38632235,1318286511842881536,2020-10-19 20:22:51,@RealDLHughley aye down low Hughley where yo communication degree at bruh.,Gitem
2760409041,1318286511834599430,2020-10-19 20:22:51,"We move, #EndSARS",greatness1289
1464379278,1318286516045701126,2020-10-19 20:22:52,"I just asked my 8 year old son why he yells so much. His response, ‚ÄúIt‚Äôs the way I was built‚Äù.",KirkMasonWWMT
1140095157875986432,1318286516028919810,2020-10-19 20:22:52,Being single is boring üò¥,LuhBran
1183453807042322432,1318286516028887041,2020-10-19 20:22:52,Live your life like you‚Äôre on tv because I put cameras in your house üëç,tuhnuki
1610113303,1318286516037234691,2020-10-19 20:22:52,@michaelrichmo15 ü§£ü§£ü§£ü§£cheers Mike,andrewgunners3
1211320529103147008,1318286516041392128,2020-10-19 20:22:52,@riishxbh My personal perception then,Kaptaan_Haddock
258311561,1318286516028833793,2020-10-19 20:22:52,"@realDonaldTrump Thank you, Mwafak in the electionsüá∏üá©üá±üá∑",tash99933
1214310691391172608,1318286516045623296,2020-10-19 20:22:52,Ok the tweet I responded to on Tweeter,KathySm53805058
2320943202,1318286516066672641,2020-10-19 20:22:52,New crop protection products and varieties from Bayer and Dekalb. https://t.co/H2Xg8OLeai,Grainews
1265346262037078016,1318286516045664256,2020-10-19 20:22:52,@Goodiesler BTSExoTwiceMamamooGot7,sope_mr
1279137556165283842,1318286516045611008,2020-10-19 20:22:52,@Mackicheese Maybe if he can defeat me in a battle. https://t.co/Z7jTtB3Wbi,DragonKingLeon
1174433617264697345,1318286516062461953,2020-10-19 20:22:52,@lmwpodcast Easy answer https://t.co/9ouMV3a26S,BangBangPodcast
1291400025902374917,1318286516037234692,2020-10-19 20:22:52,Just blessing the tl. https://t.co/Bbao8Sca0P,abelweekndXO_
1207321200558563328,1318286520231600129,2020-10-19 20:22:53,@gravityscabello how what,shawmilamarais
1020919383604936705,1318286520252588033,2020-10-19 20:22:53,2 people unfollowed me // automatically checked by https://t.co/XZ7w6DxGzg,sadayabrent
107191252,1318286520240005120,2020-10-19 20:22:53,@mydearsimon cuteeee,fooliishlwt
828704229137199104,1318286520252567552,2020-10-19 20:22:53,"No suspensions or loss of draft picks for the @Titans !! There still could be fines, but this is good news!",Anna_lewis35
2472793009,1318286520231645185,2020-10-19 20:22:53,@CoopersTulpa @ChuckCallesto Lol.  Right. He is a trump appointee. Give it up.,southwoman75
1202948085627969537,1318286520235773952,2020-10-19 20:22:53,"@Scaramucci Actually, we are writing a new chapter.  It's called, The Final Death Rattle of the Democratic Party.  Sit back and enjoy!",LiliaDragonX
4926480483,1318286520248315906,2020-10-19 20:22:53,"*Coughs* not shit, man......not shit.",IAmGuzzyBowen
3308898048,1318286520231596038,2020-10-19 20:22:53,"Delivering WOW Service!  ‚≠ê‚≠ê‚≠ê‚≠ê‚≠ê ""Jeremy provided high quality service.""-JoAnne Ferraro https://t.co/a9CcuwhUoC",ProServWI
1259744569232461825,1318286520239804416,2020-10-19 20:22:53,i love my oomfs they always have the best taste https://t.co/kI72EbcyR9,isleysx
890013904147034112,1318286524421726208,2020-10-19 20:22:54,@nobetterplace it was heart breaküíî after heart breaküíî,ruelsbangtan
1305991444872658945,1318286524429955072,2020-10-19 20:22:54,@SpexzzFN Like it up,notrainz_
1065085429295341569,1318286524417527809,2020-10-19 20:22:54,@RealJamesWoods @nytimes The NYT is so full of shit.  All reasonable can smell the stink all the way to Michigan where I reside.,HaroldPi2
1257725324558848003,1318286524455288832,2020-10-19 20:22:54,@outroher yay i‚Äôm so happy for you congratulations üíúüíúüíú,NamusPromised
1180556472377315329,1318286524442660866,2020-10-19 20:22:54,i dont know actually they‚Äôre the best he‚Äôs done #ARIAsHarryStyles,alexisvol6
1315570980383678471,1318286524421599232,2020-10-19 20:22:54,@Fremont_CA please make sure you let women know at Lake Elizabeth he is hiding behind the stall in corner waiting f‚Ä¶ https://t.co/1oNymNPAvU,Liberty84227125
1239923959463686148,1318286528640999424,2020-10-19 20:22:55,@williemeikle You fucken know I am for sure lad!,ArtRobinson19
336967958,1318286528615915520,2020-10-19 20:22:55,@nytimes I so get this.,Ditzy_horse
257734655,1318286528620253186,2020-10-19 20:22:55,@KWehsner Nope.,ntvblkbutterfly
1097518411893088262,1318286528641118210,2020-10-19 20:22:55,@devon__notdevin If there were more like buttons I would press every one,mwp764
887694674,1318286528636841984,2020-10-19 20:22:55,"@jacob_posts damn it, all this time I was be rice, be pill, be formal and doing it wrong",_Anunnery
1095604927,1318286528620232706,2020-10-19 20:22:55,@catturd2 @SassyTallBlonde Lmao üòÇ my stomach is cramping I am laughing so hard.,tammywil2445
1976324168,1318286528632815617,2020-10-19 20:22:55,I won‚Äôt lie,HilaryAxo
4293692777,1318286528620232705,2020-10-19 20:22:55,"@natedogmofo @sacsilo It‚Äôs not a ‚Äúproper‚Äù personality that‚Äôs being asked for, it‚Äôs just a positive one without an e‚Ä¶ https://t.co/eCWwAJaBxk",SatyrBoom
853872815291981826,1318286532814438400,2020-10-19 20:22:56,hungry.,Tanishaaa___
1317142765059379201,1318286532839641090,2020-10-19 20:22:56,@GenderlessFez @tomatomorta @malazydowka @venuslovescats @sailor_oulianov @HolyDariaJams @biphobetwt burn /s,DIOGAMERBOY
1318128599791263745,1318286532835483648,2020-10-19 20:22:56,@anakinsimp @anniepaulma @Iconic_player @sidorelane ü§£ü§£ü§£. Epic,mbachu_peace
2751454407,1318286532843835392,2020-10-19 20:22:56,Roll me so good Gas before I start watching horror movie for the night,tonyllee2013
1247971817001631745,1318286532826918913,2020-10-19 20:22:56,@skb_sara @Spring_Harbinge WTG OC,AiredaleWestie
513955836,1318286532822900736,2020-10-19 20:22:56,Lol the girls getting mad at Tanya because she didn‚Äôt jump up to help breakup Malaysia and Laura‚Äôs fight is comical‚Ä¶ https://t.co/GRROvV648v,_PetiteTing
752882870893576196,1318286532822900739,2020-10-19 20:22:56,Home is home forever. #endsars #EndBadGovernanceinNIGERIA #EndPoliceBrutalityinNigeria,genifleek
1037436274544599040,1318286532806049799,2020-10-19 20:22:56,17 .Date Night18.AlienThe illustration on the 18th is a character played by Jamie Spicer-Lewis#inktober2020‚Ä¶ https://t.co/PKUrgTZY3F,You__229451
885945529917739008,1318286537008840705,2020-10-19 20:22:57,Femboy snatch,chainchompist
777388686853890048,1318286537017131008,2020-10-19 20:22:57,time to pull money out my ass yay!!,allysonlowrance
1248716560589443072,1318286537038049280,2020-10-19 20:22:57,@roaldsparkles i may purchase :),HazelVibess
1089571540268711936,1318286537033998342,2020-10-19 20:22:57,@jadenhossler i am very proud of you jaden you will still achieve much more ily,changesbts
880356803309051904,1318286537025605632,2020-10-19 20:22:57,@KindanShoujo what is this and why is it feat rikahime?,kaicider
1285438989449564160,1318286537029607424,2020-10-19 20:22:57,For every reply with #ARIAsHarryStyles and a word I‚Äôll spend 10 minutes doing my homework without looking at my pho‚Ä¶ https://t.co/9q7IiaSVep,WHOR3FORHARRY
373023576,1318286537021288448,2020-10-19 20:22:57,Eastern Panhandle counties pivoting with new school map colors - WV MetroNews https://t.co/ChuEjcgdne,JeffJenkinsMN
1082984041,1318286537038176257,2020-10-19 20:22:57,Shit they better bring tha bitches too for anything more than a Curry fuck all tha bsüò≠,FreeBandzScoop
1084676032341393408,1318286537017167873,2020-10-19 20:22:57,@xuxiwoof @neptuxuxi i never said it‚Äôs prohibited and i never cancelled him. i decided to stop stabbing someone who‚Ä¶ https://t.co/eiFawz0ksP,jenniekm
842583383867768833,1318286541215522816,2020-10-19 20:22:58,Why am I even going to school if everything Im learning is from YouTube ü§¶üèª‚Äç‚ôÄÔ∏è,_fatimmaM
1184101324465553411,1318286541198950406,2020-10-19 20:22:58,@urrealiwals ü•Çtin tin,glowallowly
1609676310,1318286541203009536,2020-10-19 20:22:58,Fun Outdoors https://t.co/EnlTHePrLN #gurushots,jraseoche
1293285715451797505,1318286541198852097,2020-10-19 20:22:58,@theutdgeneral @Aqeel__________ @SJohnsonSport What time... Pls chelsea isn't a try n error club gdfo,IamKobby11
1074023695306260480,1318286541232295936,2020-10-19 20:22:58,@ProjectLincoln That sounds like a lot of dumb bastards.,GigglesNschitt
1188621775833354242,1318286541207277569,2020-10-19 20:22:58,@SethDillon @MattWalshBlog Do parasites on our American economy count?,Sandy49161910
1225702927999700993,1318286541232525312,2020-10-19 20:22:58,@The_MJF @AEW Salt pepper n some butter nothing more nothing less. If you want sauce you shouldn't be eating steak.,matt_vallera
527552576,1318286541219823616,2020-10-19 20:22:58,#HarleyQuinn CGC 9.8 SS 25th Anniversary Special #1 Louw Mega Variant A Signed 3x  https://t.co/3PXBcJrYla via @eBay,DrexelMike
4061546782,1318286541219823617,2020-10-19 20:22:58,Truthful!,JGFortunato
76861891,1318286545405669376,2020-10-19 20:22:59,@cmlittlejohn If you're referencing Edmund gettier you should probably read ee doc Smith where the idea originated,thkaal
1290767767478599687,1318286545426657280,2020-10-19 20:22:59,@Giovana1407 bele,ojoaoalfredo
994313062604791808,1318286545426784256,2020-10-19 20:22:59,missing martino hours,carrotsocks
1253812854257524738,1318286545414217728,2020-10-19 20:22:59,@bogbodied listen to them bog i feel like u would get italso they are who adam driver was drunk dancing to in that video,janedazey
1113801234132209671,1318286545389047810,2020-10-19 20:22:59,"@PatrioticUndead Seriously though, it's too bad I hurt your feelings, but you need to be willing to examine your po‚Ä¶ https://t.co/5TnECZl3tf",EsotericaThe
3240757872,1318286545405685760,2020-10-19 20:22:59,i don‚Äôt know,katedollet
885271427896795136,1318286545414213632,2020-10-19 20:22:59,Dis me,dianacastillomz
1301329859059228672,1318286549583228928,2020-10-19 20:23:00,@megalixir_ its up,devilmanVan
1543633008,1318286549616857088,2020-10-19 20:23:00,Chet Faker ‚Äî Low #WNRNradio https://t.co/ccGEaZHpNU,WNRNPlaylist
1105775971653816321,1318286549587496960,2020-10-19 20:23:00,@binchaner we already do,Iesbchan
1304271274865291268,1318286549616857091,2020-10-19 20:23:00,@VAMPSUA thank you so much,jiubincore
1426316726,1318286549608521729,2020-10-19 20:23:00,@Jonstackpool The theme from The Great Escape.,Man_on_a_Tram
1313857302873681927,1318286549608517632,2020-10-19 20:23:00,"@meiselasb Bt the same (lack of) logic, I guess this make me a criminal for listening to him call others criminals?",mari_culver
762340970469924868,1318286549608431617,2020-10-19 20:23:00,"@LukeWar73493682 @fionnallain @evolvepolitics Corbyn lost the votes he gained, why did he gain 2.9m voters in 17?",mikecosgrove
1315499527823134721,1318286549583384578,2020-10-19 20:23:00,UGGGHHH. CONFIRM SEASON 2 ALREADY......please üòÄü•∫,SunsetCurves95
941568112440238080,1318286549620908032,2020-10-19 20:23:00,and then they stop doing that once they got you,_yeeessii
116837805,1318286549608468480,2020-10-19 20:23:00,@MrZagreb @EmmanuelUnuafe @channelstv How long did it take to increase VAT and fuel pump price? What effects has it‚Ä¶ https://t.co/Q0jZvqH0wc,dannyheart2001
442167737,1318286549612716033,2020-10-19 20:23:00,"Counseling Services offers a range of services to help you get support you‚Äôre seeking, feel less alone, cope more e‚Ä¶ https://t.co/4xOaS6vHBe",PittBradford
1004156068098969601,1318286549587529728,2020-10-19 20:23:00,LIVE en cours: https://t.co/xN81fwearJ#RADIOLIBRE #SamuelPaty #LDC #coupDeGueule https://t.co/tCNzxpImc3,BlaBlaFoot_app
1269050670193115136,1318286553790050304,2020-10-19 20:23:01,"""my faves actually make music with meaning unlike your flop faves' construction music"" oh I just know you single",nggajoongg
1088935623560478721,1318286553786011651,2020-10-19 20:23:01,@fergiegee1 @WashTimes üòÇ youre scared,William13402074
1306188487822110725,1318286553785880576,2020-10-19 20:23:01,@Hellotheir17 @The_Sass_Cannon @manvssteam @KJOtaku @TheIshikawaRin @ReseteraTakes According to three black witness‚Ä¶ https://t.co/rV3UWGQDkB,Tsar145_II
880513251645247488,1318286553798639616,2020-10-19 20:23:01,@MusicForLife61 Oh me too. I'm very scared for that.,lorileistorm
1265385549457772547,1318286553806999552,2020-10-19 20:23:01,Has anyone seen the dialogue from a China I don‚Äôt know it is but explains how they saw all hard drives lots of porn‚Ä¶ https://t.co/OenQAd1HuO,kimberleyUSA11
882053891415822337,1318286553802805248,2020-10-19 20:23:01,@Joonhisaac ALLURE HOMME,GomesNjr11
1267693913034289152,1318286557976043520,2020-10-19 20:23:02,@twomad360 Then start tweeting,adsm_m
2903567645,1318286558005465094,2020-10-19 20:23:02,Anybody else find themselves on a zoom call wanting to scream ‚ÄòStop touching your face‚Äô to fellow participants #scary #covid #HandsFaceSpace,IPFdoc
1319209878,1318286557997092866,2020-10-19 20:23:02,I would like to go to Claire‚Äôs and buy some silly little earrings,taradarabadey
423512379,1318286558001303554,2020-10-19 20:23:02,@Dylhayes21 @GerPender10 Hahahahahah that gave me a proper lol,CianByrne3
1165372949001584641,1318286557971992576,2020-10-19 20:23:02,@WisdenCricket Proper player!! üèè,Hallers11
1268352660639330305,1318286557996933121,2020-10-19 20:23:02,"Got the opportunity to talk to Mateo Palacio G√≥mez, Co-founder &amp; Director of charityBay. Tony Jose | #tjgong |‚Ä¶ https://t.co/M6mfxhOPtv",therealtjgong
3219356195,1318286557984542721,2020-10-19 20:23:02,no disrespect to nicki but lauryn is the real queen of rap https://t.co/az0tvkPgoA,WillOffDaPercs
1603817718,1318286557988741126,2020-10-19 20:23:02,working üî•üî•üî• produced by @EllisonKnight https://t.co/bhAT4SxKts,KaseyCribbs
211061681,1318286562166296580,2020-10-19 20:23:03,Just played: Shuggie Otis - Island Letter (Barry Staff Pick) (Inspiration Information),scadatlplaylist
1194794254138167296,1318286562170339328,2020-10-19 20:23:03,@W8AS3C THANK YOU,drewlikesmusic
14093613,1318286562191314945,2020-10-19 20:23:03,@realDonaldTrump Already voted and I know my vote will be counted.  You are so gone.,StevenBustin
1286591046806310913,1318286562191380482,2020-10-19 20:23:03,@jksenby @YOONGlSBESTIE SAME  BYEEEE,vantaesdyke
599400262,1318286562195611649,2020-10-19 20:23:03,‚ô´ #NowPlaying ‚ÄúSail‚Äù by @awolnation on #Anghami https://t.co/qxZCijfyPH,rashed_ahmed95
1110269906833104896,1318286562195656707,2020-10-19 20:23:03,i have no energy and i feel pretty ill so i think i might just go to bed :/ someone pls fill me in on what happens‚Ä¶ https://t.co/5NNQ46e8E5,CLlNGYTWT
1217524549,1318286562187235328,2020-10-19 20:23:03,The chef is surprised people wanna see his food? Lol,SourceDuMal
3442236974,1318286562195607552,2020-10-19 20:23:03,@Muffintasticman @HyLeNdaBess @IncomeTaxxx a 70 is a D to me and anything below that is a F. my schools normalized that to me sadly rip,WormyEXE
1006641952480210950,1318286562187161601,2020-10-19 20:23:03,me:soft,2ghostshabit
204662121,1318286562178727936,2020-10-19 20:23:03,"Just for you, @whignewtons. üòâ https://t.co/trmTaCL8aC",MarshallLocke
1021709082,1318286566368989184,2020-10-19 20:23:04,It‚Äôs so disappointing when people who you think should know better deliberately decide to dwell in ignorance ü§¶üèæ‚Äç‚ôÄÔ∏è,KashWills
212329199,1318286566398283777,2020-10-19 20:23:04,"so, seriously, where TF is Bill Barr?",skolsister2017
2476129182,1318286566381539329,2020-10-19 20:23:04,@bipbopbap Parrots are femboys,Paulofsomedesc
299051579,1318286566381453312,2020-10-19 20:23:04,@RLDailyShop The fuck is this load of crap?,ForrestGumpLDN
1113960389073674240,1318286566385700864,2020-10-19 20:23:04,THEY REALLY WERE ICONIC,Mysticturtlee
177443125,1318286566372986881,2020-10-19 20:23:04,every now and then I have to whip it out üò≠,youngharpo
3312407850,1318286566394155009,2020-10-19 20:23:04,@realCDHilton @Prince77Lala That is to be expected. It is how they roll.,sharonfitzpat17
733011218793926657,1318286566389932032,2020-10-19 20:23:04,@KMMindOfMine nope... never been and never will be,BIEBERLFTV
1123638318195970049,1318286570554839041,2020-10-19 20:23:05,@TDN_NOTICIAS @JeanineAnez No rendirse,LoedelMufa
770731098447966208,1318286570571653120,2020-10-19 20:23:05,@999Navex what,Mavex999
1213745472197648384,1318286570592604160,2020-10-19 20:23:05,Drop ur least used sonas pls,MarkovRingtail
3094918150,1318286570588393478,2020-10-19 20:23:05,@sarahcpr Not all the crazies are ‚ÄòMerican...,rchappy1
1217894534996267008,1318286570554884103,2020-10-19 20:23:05,@Tinkerbella0719 Jesus. That's not good.,CoppellRob
324802839,1318286570588430336,2020-10-19 20:23:05,Guess imma go through detox now,bravesceo
129442119,1318286570580041733,2020-10-19 20:23:05,Had you put that 200 down you could‚Äôve ended up with thousands but you didn‚Äôt because you didn‚Äôt fully commit. Some‚Ä¶ https://t.co/mfuTIqeCeh,KeepingItRealz
1246391287122714624,1318286570554822656,2020-10-19 20:23:05,Nazi Germany was ‚Äúbad‚Äù because of ‚Äúauthoritarianism.‚Äù North Korea is ‚Äúbad‚Äù because of ‚Äúauthoritarianism.‚Äù Europe in‚Ä¶ https://t.co/VgZEJAMl9K,BasedMelania
15396470,1318286570592464896,2020-10-19 20:23:05,Imagine hating fat people this much. I‚Äôm sickened by this.,Fashiontweet
311870782,1318286570584182786,2020-10-19 20:23:05,The vistas in the revamped heather garden are getting better all the time https://t.co/9mPYhvOs2D,PeterGWeather
1106298251869851661,1318286570584158209,2020-10-19 20:23:05,Success by Fra88PFC#2666 https://t.co/kCF8k9ryP0,CopGangSuccess
1284559107639345152,1318286574782717952,2020-10-19 20:23:06,"Asa's Bop (feat. Little A$e) - Open Mike Eagleüé∂ Asa's Bop (feat. Little A$e) üíø Anime, Trauma and DivorceüòÉ Open Mike Eagle",rns_bot
1109110492885405704,1318286574782697475,2020-10-19 20:23:06,@CardinalsRant_ @vfn Late start (ala Karpenter) &amp; why take that risk again?,GMAN815
1316941750150303744,1318286574753284103,2020-10-19 20:23:06,@ashleysparkle @taxistheft All statists sound dumb as fuck.,SeanRyno1
962144287172554752,1318286574778462209,2020-10-19 20:23:06,@ENBYH0SEOK i top you though,jibootyfr
853414947845537793,1318286574761758720,2020-10-19 20:23:06,Puff,galarza_vicki
1055840725018009600,1318286574761725952,2020-10-19 20:23:06,"@Auntyadaa Stop this joke, I use both and it‚Äôs 0 kobo",tolaoflagos
14116468,1318286574753337344,2020-10-19 20:23:06,"@HMNorthey I‚Äôm so glad they gave a hard, smart beat to someone brilliant and patient and inquisitive like you. I do‚Ä¶ https://t.co/rGU8ckLlr2",kidcongo
1213975556,1318286574778413056,2020-10-19 20:23:06,@SkyNews Pls help us broadcast the protest going on in Nigeria üá≥üá¨ against police brutality and bad governance.‚Ä¶ https://t.co/1xnbBlqgq5,Pearlamor
955519462488334336,1318286574778486786,2020-10-19 20:23:06,Check out Star Wars Darth Vader #3 1st App DR. APHRA 1:25 LAROCCA VARIANT HTF CGC 9.6 NM+  https://t.co/0UMu7xBFcu via @eBay,brands_collect
1293390512150511617,1318286574761644032,2020-10-19 20:23:06,@interstellarjin ü¶ôHaha What's up #LeeKnow https://t.co/jnD3FKtwfD,SKZSTAYIly
30028319,1318286578947588101,2020-10-19 20:23:07,@vodkanopants Please don‚Äôt apologize...,prmora
1290795954988298246,1318286578943492098,2020-10-19 20:23:07,@filterkku can I steal this?,victhelunatic
1145787996081467393,1318286578977001472,2020-10-19 20:23:07,"@AlleyKatDevee ""Despite this rakish exterior, I'm really quite boring when it comes to making fun with other people‚Ä¶ https://t.co/lLJE5C41YM",RenoSEPC
387527691,1318286578955988992,2020-10-19 20:23:07,Same. üì£üíÄüñ§,FlashyTaser
1419512652,1318286578955976714,2020-10-19 20:23:07,Have you ever imagined converting the time you spend playing games to a money-earning professional #gaming career?‚Ä¶ https://t.co/mEyWkBv8tL,ideaspbusiness
1377326713,1318286583175483392,2020-10-19 20:23:08,That feeling... When Backups Fail - And How To Make Sure Yours Don't https://t.co/k4OKiZd2Gg,tsm_go4biz
1305246356525789186,1318286583162949639,2020-10-19 20:23:08,"Hands up, that‚Äôs an awful selection. But we don‚Äôt crow too much about our winners so won‚Äôt panic just yet!-2 ‚ùåMonth total: 18.1",747Tipster
38301157,1318286583158669314,2020-10-19 20:23:08,@britt_murdock Had a girl text me ‚ÄúI want to pet your dong‚Äù but meant dog.  It was a real roller coaster of emotions reading that.,soupy9er
1285431778610761729,1318286583137767430,2020-10-19 20:23:08,@G_TheOriginal @realDonaldTrump I love America.,QBucks1
985654830357254144,1318286583167127553,2020-10-19 20:23:08,How vulnerabilities increase child sex trafficking risk | Thorn https://t.co/gnQpZcZXgk,deboraheknichol
1318031040489918469,1318286583167148039,2020-10-19 20:23:08,"DISCLAIMER ‡øêmun is completely new to #HQRP! hasexperience role playing, and mun is a minor! nsfw content is just‚Ä¶ https://t.co/jtG5mMJeJ6",kiyokoshiimizu
1270063843797057539,1318286583162834945,2020-10-19 20:23:08,My Twitter Family:Parents: @protectorofsg @2cooI4skullSpouse: @adorekookkChildren: @Casper_Candyy @lpmqlpvia‚Ä¶ https://t.co/NVQ39Hyv49,suga93joon
1065548316501573633,1318286583167057920,2020-10-19 20:23:08,"Angieekulture Waist Purse‚ÄºÔ∏è‚ÄºÔ∏è‚ÄºÔ∏è..üí†Price: 6,000üí†Made in Nigeria üá≥üá¨ Kindly click the Angieekulture Catalog lin‚Ä¶ https://t.co/Co9qH5fBua",angieekulture
1264996629511311360,1318286587332091909,2020-10-19 20:23:09,Okay if we can get my tweet to 100 likes before tomorrow I‚Äôll be satisfied for today,Flowersotflr
1212567965150801921,1318286587353071624,2020-10-19 20:23:09,@brunusantoss kkjkjkkk ja mandou a call,ryanlreal
26712353,1318286587332014082,2020-10-19 20:23:09,@nbrez Gyms closed but GAA continues........ don‚Äôt see the logic myself,boxstar64
3609932054,1318286587344670720,2020-10-19 20:23:09,@wooyoungswhore @cuddlesongmingi @taejuulpod @tinigukkie @GUCCIYUGIE @mingipr0mise @hobiiflwr ITS NOT LIKE THAY üò≠,minyoontiddies
19872445,1318286587336286209,2020-10-19 20:23:09,old wayne and drizzy will always take me way back ü•∫,ktttkatiek
3736661778,1318286587348779015,2020-10-19 20:23:09,Just posted a photo @ Simerville Farm https://t.co/SiCT8TzsTT,Simervillefarm
855760872,1318286587332055046,2020-10-19 20:23:09,PLS ever since this day I can‚Äôt listen to this song without thinking of this performance,Iilujivert
45019930,1318286587348877312,2020-10-19 20:23:09,#Giveaway - Enter now for your chance to #win a Body Shop bundle with @randommusings29 https://t.co/pg6bSvLabH,lucyirv
242051629,1318286591538974720,2020-10-19 20:23:10,"At times, we are not careful of returning minor belongings of others such as books, cutlery, utensils, etc. This is‚Ä¶ https://t.co/iI5QfqrVzr",Mufti_Muhammad_
906412351,1318286591538900995,2020-10-19 20:23:10,#EndPoliceBrutalityInNigeria explained ‚úäüèøhttps://t.co/L3rvo0Ci4W,txema_joseba
3207527939,1318286591551590401,2020-10-19 20:23:10,I'm igbo.You Phyno know,DibiaErnesto
948784813,1318286591555612672,2020-10-19 20:23:10,Someone at work stole my snacks out the fridge. I‚Äôm boutta jump someone https://t.co/qfg6Nqru79,aliflowerss
1312517272565624832,1318286591547277315,2020-10-19 20:23:10,üì∏ | Olivia O'Brien via Instagram stories https://t.co/Op8VYYjWbd,oliviaobteam
1144270495170383872,1318286595750068226,2020-10-19 20:23:11,@__Fie_ Deadass . I say this on a consistent bases,MelaninGawdass
213335073,1318286595749969922,2020-10-19 20:23:11,@ben_cajee @CBeebiesHQ ‚ô•Ô∏è from üè¥Û†ÅßÛ†Å¢Û†Å∑Û†Å¨Û†Å≥Û†Åø,c_mjm_
1283381559542898697,1318286595745865733,2020-10-19 20:23:11,@sarina_ylz Miam,konzerss
2731589470,1318286595733229568,2020-10-19 20:23:11,"If we extrapolate Spurs‚Äô early-season rate of scoring to a full 38 games then, this will mean 124 goals in total.‚Ä¶ https://t.co/kJZjXzUBy3",Randomitable
157184825,1318286599923421190,2020-10-19 20:23:12,"Baked salmon, garlic Parmesan mashed potatoes, saut√©ed broccoli üòãüòã",_OMGiTzTiP_
1288080542387314689,1318286599923372036,2020-10-19 20:23:12,"@sopa1954 @MSNBC Tabi, you live in New York. Get a job",UKRAM2023
1080247311039676416,1318286599940091904,2020-10-19 20:23:12,@CurtHive @tpwkdarc we don‚Äôt need references this ain‚Äôt an essay luv,sideruin
146587581,1318286599914987523,2020-10-19 20:23:12,@bradburydeancas Depens on the day üòÇ,ValenSchmidt
4897597362,1318286599923372032,2020-10-19 20:23:12,@megynkelly You‚Äôre a disgrace,BloopJustSayin
4687758223,1318286599914881024,2020-10-19 20:23:12,A coworker of mine wore a kings shirt to work today. Out of curiosity I asked him why he supports them. After he to‚Ä¶ https://t.co/5PPGxdJrUP,ZnabbyKhan
757255618822541312,1318286599919120388,2020-10-19 20:23:12,@PrivilegedLydia Trump should bring up his foreign policy accomplishments himself and the Hunter Biden scandal. Tru‚Ä¶ https://t.co/8Jg1YcMhy3,NerosDemonCpt
130134950,1318286599931764736,2020-10-19 20:23:12,@Nigel_Farage Scum like F√ºrhage and Lord Felther-Snatch are living proof that there is no god. Trump has broken eve‚Ä¶ https://t.co/nFy63Qfx0a,S_Bloomfield
136134599,1318286599914807296,2020-10-19 20:23:12,LOL nevermind just like the real world only the top 1% win. A lesson well learned.Either way y'all should vote if‚Ä¶ https://t.co/AvrLK4KrHz,BearUNLV
1221520387730739201,1318286599940079616,2020-10-19 20:23:12,The Vamps said gay rights https://t.co/9EPZrsMyc1,holeofholland
1149589760706404357,1318286599940169734,2020-10-19 20:23:12,Gil‚Äôs been sitting alone in a file so I added Enkidu. I like his face so I might come back to this lol https://t.co/va2PiO0TF0,saopbar
843554749857349636,1318286604117704710,2020-10-19 20:23:13,I'm def renting a bicycle and cycling round the school when we resume.,moji_akin
2969989965,1318286604117696513,2020-10-19 20:23:13,@AJulfer fechou,capontessx
2244503919,1318286604117659648,2020-10-19 20:23:13,"@PhilippeMFrowd @anoush_ft Quoting ""nigger"" should never be a problem.",RamseyFrank
24734779,1318286604117577728,2020-10-19 20:23:13,@TashaTX39 @SteveGuest Trump is owned by Russia. CIA and FBI proved it.,ginatharris
1289913686274924544,1318286604138500096,2020-10-19 20:23:13,@Pranjal_one8 @AmanKumar_18 Happy birthday @AmanKumar_18 bhai. God bless have a great year ahead. Stay safe take care ‚ù§Ô∏è.,_shortarmjab_
1270431395920277504,1318286604134420480,2020-10-19 20:23:13,"LOOKING FOR HALO, SELLING TEDDY ZILLA! NO LOW TIER#royalehightrades #RoyaleHighHalo #royalehighhalos‚Ä¶ https://t.co/pvYrpFaUQD",jessica27305866
1304900172518887425,1318286604117659650,2020-10-19 20:23:13,"Hey, I'm online @Stripchat. Come join me üëâ https://t.co/tY8DP4CjJl #stripchat #stripchatlive",OhhMyValerie
976506634561314818,1318286604134383616,2020-10-19 20:23:13,"BUSTED! Social Media Posts Reveal MI Bar Owner Pretending To Be Average ""Joe"" In New Biden Ad Is Wealthy Business O‚Ä¶ https://t.co/yJXCxlBXn5",twoponds5
1315069816357740550,1318286604134395906,2020-10-19 20:23:13,WHY IS THIS KILLING ME https://t.co/R8PRb7RXq8,shikamarufucker
1226251151483559936,1318286604126085123,2020-10-19 20:23:13,i may not show it but e smallest kindest gestures mean a lot to meüíûüíùbut dont study me coz u wont graduateüòÇüòÇüòÇüòÇüòÇ https://t.co/9U38IjbOoK,claire_faustina
1218325975957528577,1318286604117495808,2020-10-19 20:23:13,Sale is re-starting at 145! https://t.co/5LGG53PJEJ,imoMitchCards
1010535338,1318286608324382720,2020-10-19 20:23:14,"I know I can‚Äôt but I want to hug youI want to feel you, I want to dream with you",serrissi
1253785560646369293,1318286608311996417,2020-10-19 20:23:14,@_huntyxhunty He'll always be by your side,GhiskiC
1754306864,1318286608307802112,2020-10-19 20:23:14,SD Governor Kristi Noem Selling ‚ÄúLess Covid More Hunting‚Äù Shirts https://t.co/ZGMtqCp6gK @ESPN991sf @maddow Now she‚Ä¶ https://t.co/3FFKEPYngc,Zillalady
703533451,1318286612497879041,2020-10-19 20:23:15,just like the stars ‚≠êÔ∏è in the skyyyyy i hope you know you shine so bright to me‚ú®ü•∞ü•∞üíï,dondoneitalll
464060744,1318286612506189824,2020-10-19 20:23:15,@ProgPolAdvisor nice one!if we are both pro America then we agree more than we disagree,gordongekko8
4860788660,1318286612527259649,2020-10-19 20:23:15,Won‚Äôt let him hit but he can put it in his mouth,iconicbarb
861973980,1318286612514693120,2020-10-19 20:23:15,@JuliaRose_33 please,Justify330
1079822978605555712,1318286612502032384,2020-10-19 20:23:15,@KwakuorKB You‚Äôre due to x,ceeogun
470200612,1318286612518883329,2020-10-19 20:23:15,"@ReillyNicola A whole 25 people, Nikki! Can you imagine it!!!",SpillzHinch
1142435172115075072,1318286612497719296,2020-10-19 20:23:15,mf looks like a dinosaur but ok,tjkipman
1087033652,1318286612518834176,2020-10-19 20:23:15,"Just when I'm feeling good about voting, I get home and see that ""Zoom Dick"" is trending. To make matters worse, if‚Ä¶ https://t.co/04jUAWbgTE",doctordonuwl
2878608846,1318286612497911808,2020-10-19 20:23:15,This Administration Jess day Useless Like The *P* way Day For *PSYCHOLOGY*#ENDSARS..#EndBadGoveranceInNigeria‚Ä¶ https://t.co/uZkpCuoQD7,kceekelechi1
796547376,1318286612523110401,2020-10-19 20:23:15,"@DWUhlfelderLaw I VBM weeks ago, but I drove past the Wellington Library in western Palm Beach Co this afternoon. T‚Ä¶ https://t.co/J3y1ySzyC2",ShelleyBlodgett
1309666932099031040,1318286612502073352,2020-10-19 20:23:15,@cnnbrk TRUMP2020üá∫üá∏ https://t.co/hIVq8BTPCR,Stephan42543444
1134124221121093632,1318286612518883328,2020-10-19 20:23:15,R4600 DM FOR MORE INFO. https://t.co/kj4pC16L4V,UPiperdi
563672485,1318286616696287232,2020-10-19 20:23:16,@YaThinkN Got rid of mine 10 years ago. Not missed.,SharLivingstone
435528282,1318286616725696519,2020-10-19 20:23:16,I'm gonna have to make a new twitter for my new job wont I :(,x_El_Capitan_x
983885665883406336,1318286616696299520,2020-10-19 20:23:16,@UrinatingTree @laker_real Will you include UGA in there?,Smaug55
334113859,1318286616708960263,2020-10-19 20:23:16,@lollujo Can the desk fit under the window or will that stop the door opening fully,_JamesBrand
1210781424443215874,1318286616721465344,2020-10-19 20:23:16,@Rudelyawakend I hear it's good for you. Full of iron. #EatTheRich üçΩÔ∏è,floscha01
1281146786611179528,1318286616692215810,2020-10-19 20:23:16,@shefallsinlou Sign of the Times,_Jennifer_GM_
2307731774,1318286616713175041,2020-10-19 20:23:16,@Mambo_Jojo I think Klay probably wins a 3pt contest over Steph as he‚Äôs much more used to open shots whereas Steph is better off the dribble,SilverDeGeneral
1254906887490936845,1318286616729890816,2020-10-19 20:23:16,"Cadence Design Systems Sees Q4 Adj. EPS $0.72-$0.76 vs $0.68 Est., Sales $720M-$740M vs $703.74M Est.; Sees FY20 Ad‚Ä¶ https://t.co/b7MnJ2e9rH",quant_data
1297965202781212674,1318286616725696518,2020-10-19 20:23:16,@dylsrjones i am professional graphic designer i can definitely do that dm me,Emmaoliver789
1236396952217980928,1318286616713154560,2020-10-19 20:23:16,I‚Äôll buy ur nudes nude daddy #sendnudes #cashapp #sellingcontent #sellingnudes #hornyteen #hornydm #buyingcontent‚Ä¶ https://t.co/yg6w5Uxqkh,chuloforyou
54138396,1318286616696377344,2020-10-19 20:23:16,@narutoamvfrom06 Also... https://t.co/8fygQjlrUm,scanlinespectre
2161260764,1318286616709025793,2020-10-19 20:23:16,@blondecoldbrew where's enigma?ü•∫,cumtotiffanys
155668749,1318286620915884032,2020-10-19 20:23:17,"I‚Äôm not rushing anything, I‚Äôm taking my time with this.!!!",Ambitious_kay90
1233922306243809282,1318286620911689731,2020-10-19 20:23:17,I'm about to hit 10k tweets üò®,lesbobIade
637052996,1318286620920107009,2020-10-19 20:23:17,@JamieApody Girl you‚Äôre a PRO! Had no idea üòÇüòÇüòÇ,6abcJeannette
1299778873832341504,1318286620915716096,2020-10-19 20:23:17,@CEOofFucking Smd Clark üõå,LiterallyDas
1020834807805333504,1318286620915892224,2020-10-19 20:23:17,@Corpse_Husband can u wait until my english class is over?,jmiIhomem
911605730,1318286620890746882,2020-10-19 20:23:17,@DrEricDing Masks are useless. Open everything!,BellySquelch
767244584,1318286620919988233,2020-10-19 20:23:17,@otterlytasty It's QUITE good. I made it with less strawberry a√ßai and more coconut milk to counteract some sweetne‚Ä¶ https://t.co/Yc7z9oUXnB,buttonbunn
1286441984937295872,1318286620886519808,2020-10-19 20:23:17,it's a cute idea to GOTV on among us but unfortunately AOC is teaming up with a streamer who has never encouraged p‚Ä¶ https://t.co/4Hn0C0ucsT,badvibesnochill
50004842,1318286620911685633,2020-10-19 20:23:17,"@artofjonas disclosure: I charge a decent rate and rarely get commissions from the public and that's okay, I'm plen‚Ä¶ https://t.co/LPleMN6BOK",Calicougar_TR
